ProductID,Name,Brand,Category,Barcode,SustainabilityRating,Price
1,Walk Pro 874,PureHome,Clothing,1151839373946,Low,83.76
2,Increase Plus 145,BioBeauty,Clothing,4589451961482,High,446.64
3,Modern Plus 29,FitGear,Electronics,0515915719195,High,137.75
4,Office Lite 583,BioBeauty,Books,6662591218604,Medium,150.77
5,Star Eco 642,NatureWear,Books,7154753063041,Medium,232.07
6,Soldier Max 31,SustainIt,Books,8268592038128,High,372.56
7,Moment Eco 902,PureHome,Toys,9622327397932,Medium,33.87
8,Enter Eco 204,NatureWear,Home & Kitchen,6780177380757,Medium,383.17
9,Order Eco 790,SustainIt,Books,7533758885412,High,489.72
10,Morning Pro 588,EcoBrand,Sports,0177757072236,Medium,23.57
11,Cost Plus 152,SustainIt,Clothing,4709553811205,Low,236.62
12,Everything Lite 747,EcoBrand,Clothing,4391888593873,Medium,5.64
13,Own Pro 293,EcoBrand,Books,7913396571500,High,281.45
14,Together Max 453,GreenLife,Clothing,8498102837518,High,278.49
15,Campaign Pro 645,NatureWear,Beauty,0114057028709,Medium,203.94
16,Practice Eco 947,SustainIt,Clothing,6909677485353,Low,484.52
17,Investment Max 870,FitGear,Clothing,2718421716056,Medium,91.48
18,Very Eco 601,BioBeauty,Sports,5694172087461,Medium,288.04
19,Back Lite 686,NatureWear,Home & Kitchen,4568120235277,Medium,151.97
20,Whatever Lite 805,NatureWear,Electronics,4205967853737,Medium,435.18
21,Degree Max 253,EcoBrand,Clothing,8522354456446,Medium,164.23
22,Site Plus 954,FitGear,Electronics,9656167448592,Medium,47.59
23,Direction Lite 644,GreenLife,Toys,1810174457031,Medium,461.04
24,Majority Max 603,SustainIt,Beauty,9194878984737,Medium,322.98
25,Parent Eco 793,PureHome,Toys,4895527853651,Medium,380.75
26,Even Pro 760,NatureWear,Beauty,9885954129363,High,421.2
27,Also Pro 7,PureHome,Clothing,5557496900284,Medium,498.76
28,Eye Eco 611,EcoBrand,Toys,5954718762888,High,288.71
29,Full Plus 462,GreenLife,Beauty,1953983332813,High,339.99
30,Worry Plus 789,SustainIt,Home & Kitchen,8837931491742,High,366.89
31,Listen Max 692,NatureWear,Toys,7239936480904,Medium,330.24
32,Something Max 814,GreenLife,Toys,9846667521639,Low,391.65
33,Summer Lite 350,PureHome,Toys,6226105029454,Low,278.9
34,Prove Pro 633,GreenLife,Books,8605848155664,Low,314.65
35,Husband Pro 403,BioBeauty,Sports,0455590817888,Medium,181.92
36,Machine Eco 612,BioBeauty,Clothing,2747669400021,Low,212.73
37,Bring Lite 936,PureHome,Beauty,4712884452634,Medium,245.06
38,Theory Pro 378,EcoBrand,Electronics,9235915824750,Low,44.77
39,Fire Max 309,PureHome,Home & Kitchen,9999797232224,High,361.91
40,Fact Lite 771,FitGear,Clothing,1253936110070,High,362.14
41,Receive Lite 143,PureHome,Electronics,2876257987788,Low,360.64
42,Yes Plus 939,PureHome,Books,5285863924945,High,223.01
43,Several Pro 747,BioBeauty,Sports,3559939710322,Medium,436.64
44,Office Max 207,NatureWear,Clothing,0309345402716,Medium,237.06
45,As Max 934,FitGear,Toys,3807993535819,Medium,398.09
46,Stock Plus 59,FitGear,Electronics,6365407390777,High,195.06
47,During Plus 545,FitGear,Beauty,3509822055160,Medium,79.52
48,Discover Plus 467,EcoBrand,Clothing,0353959307646,Medium,46.64
49,Safe Max 50,FitGear,Books,9530708072876,High,193.59
50,Huge Max 198,NatureWear,Sports,3730757250966,Low,142.59
51,Begin Max 102,SustainIt,Electronics,3143121388248,Medium,280.31
52,Evening Pro 812,GreenLife,Electronics,3540785340702,Medium,35.48
53,Kitchen Eco 426,BioBeauty,Toys,0599933260488,Medium,453.12
54,Wrong Lite 439,GreenLife,Clothing,5842382114839,High,5.19
55,Behavior Max 707,FitGear,Home & Kitchen,1027557434668,High,17.94
56,Skill Plus 467,FitGear,Books,6072048931428,Medium,250.21
57,Writer Max 698,GreenLife,Home & Kitchen,8159964000976,Medium,314.94
58,Business Plus 597,EcoBrand,Books,7173286349040,Low,305.36
59,Go Max 929,PureHome,Clothing,7289471095743,High,151.42
60,Until Plus 793,GreenLife,Home & Kitchen,8796938550558,Medium,334.99
61,Sense Pro 545,NatureWear,Beauty,0906483239404,Medium,23.41
62,Though Lite 497,FitGear,Books,9775144321182,Medium,485.47
63,Generation Lite 944,SustainIt,Home & Kitchen,5760377161579,High,296.78
64,Science Eco 421,GreenLife,Beauty,6913894384450,Medium,383.26
65,Step Plus 506,BioBeauty,Toys,7647466045843,High,114.28
66,Knowledge Lite 125,SustainIt,Home & Kitchen,1968115105258,Medium,472.24
67,Whose Plus 794,PureHome,Clothing,3089228243595,Medium,345.39
68,Political Lite 374,NatureWear,Books,4198706086599,Low,425.86
69,Resource Eco 274,GreenLife,Books,9323829094427,Medium,194.94
70,Fact Pro 315,SustainIt,Books,4753915047740,Medium,225.09
71,Woman Max 461,SustainIt,Books,4670149291193,Low,462.55
72,Father Lite 492,NatureWear,Home & Kitchen,1494602228969,Medium,451.37
73,Successful Max 29,NatureWear,Toys,3758952887008,Medium,266.48
74,Phone Pro 426,SustainIt,Sports,1447457842095,High,492.75
75,Nature Pro 850,FitGear,Beauty,5130793830753,High,325.56
76,Site Pro 780,GreenLife,Home & Kitchen,3231262414428,High,244.43
77,Factor Plus 600,GreenLife,Beauty,6142492039039,High,284.25
78,Expert Plus 867,NatureWear,Books,3831785534438,Low,49.62
79,Development Lite 479,PureHome,Toys,8694669522083,Medium,380.69
80,Travel Lite 356,NatureWear,Electronics,7768261415379,Medium,356.08
81,Strong Lite 588,SustainIt,Electronics,2541311335446,Medium,300.9
82,Provide Max 343,NatureWear,Toys,3878218500165,High,122.18
83,Also Max 140,SustainIt,Books,2788168783741,Medium,312.66
84,So Pro 71,GreenLife,Toys,0578917410217,Medium,464.38
85,Save Pro 546,BioBeauty,Beauty,7022117242909,Low,350.38
86,Tell Eco 693,EcoBrand,Electronics,0600344214301,Low,256.58
87,Soon Lite 920,PureHome,Books,8484477087320,Medium,153.62
88,Suddenly Lite 557,PureHome,Sports,9643041608647,Medium,493.2
89,Add Eco 315,SustainIt,Clothing,2897635752910,High,322.11
90,Always Pro 390,GreenLife,Home & Kitchen,1168601697179,Medium,51.75
91,Because Plus 375,FitGear,Books,0705568784286,Low,32.67
92,Much Lite 365,SustainIt,Clothing,7149252986410,Low,150.93
93,South Pro 281,NatureWear,Beauty,2093456109579,Medium,127.93
94,Wife Plus 253,SustainIt,Clothing,4877660269414,Low,447.84
95,Discover Max 957,GreenLife,Toys,4286887952854,Medium,381.87
96,Trouble Max 590,BioBeauty,Home & Kitchen,9373009933862,Medium,235.48
97,Who Plus 970,EcoBrand,Home & Kitchen,8923604918804,Medium,148.57
98,Ask Pro 821,NatureWear,Electronics,6395067995654,Medium,235.37
99,Service Eco 761,PureHome,Beauty,8943958965439,High,38.44
100,Plant Max 778,FitGear,Clothing,6936348615993,Low,59.63
101,Against Lite 422,NatureWear,Sports,4444138190169,Low,406.57
102,At Plus 465,EcoBrand,Sports,9594416816337,Medium,44.26
103,Table Max 491,BioBeauty,Home & Kitchen,7712541558911,High,91.93
104,Current Lite 229,BioBeauty,Toys,7241413406291,High,423.1
105,Kind Max 483,GreenLife,Beauty,2410009795780,Medium,412.82
106,Only Pro 951,SustainIt,Beauty,1236650344570,High,127.94
107,Strategy Max 581,BioBeauty,Electronics,3850390409061,Medium,9.76
108,South Plus 715,NatureWear,Books,4077551694787,Medium,258.1
109,See Plus 794,SustainIt,Beauty,2763367675844,Low,424.71
110,Imagine Eco 224,GreenLife,Beauty,6324299469596,High,370.13
111,Decision Eco 58,NatureWear,Electronics,2318419964089,High,131.74
112,Entire Lite 280,FitGear,Toys,3243850540594,Low,171.48
113,Toward Eco 163,NatureWear,Home & Kitchen,5454701720012,Low,8.49
114,Movie Plus 949,PureHome,Clothing,5455935053860,Low,310.85
115,They Eco 615,SustainIt,Beauty,7230958926524,High,320.53
116,Fear Max 12,SustainIt,Toys,8263675862119,Medium,203.76
117,Industry Max 408,SustainIt,Toys,7232705869580,Low,389.39
118,Available Max 956,BioBeauty,Sports,4613648967923,Medium,357.67
119,Many Max 670,BioBeauty,Clothing,9062184360654,Low,378.29
120,Man Pro 596,BioBeauty,Sports,3170255027187,High,53.53
121,Whether Pro 987,SustainIt,Books,7507080200915,Medium,141.61
122,Nearly Pro 868,PureHome,Clothing,0248883545984,Medium,270.19
123,Year Eco 378,FitGear,Toys,6024316765341,Medium,299.93
124,Step Pro 796,GreenLife,Clothing,8946419391624,Medium,135.78
125,Forward Max 72,SustainIt,Books,8216831784787,Medium,315.91
126,Somebody Lite 507,FitGear,Clothing,5522168106196,Medium,55.75
127,Window Lite 232,GreenLife,Sports,7176929459267,Medium,121.97
128,Modern Eco 626,NatureWear,Beauty,6826990594404,Low,78.91
129,Memory Lite 987,SustainIt,Sports,6739463040943,Medium,202.39
130,Radio Eco 858,FitGear,Electronics,7233914410587,Medium,393.86
131,Campaign Max 610,SustainIt,Beauty,2515561484742,Low,357.56
132,Ground Max 398,EcoBrand,Electronics,2376253428891,Medium,459.0
133,Magazine Pro 785,FitGear,Home & Kitchen,5057779322630,Medium,445.22
134,Office Plus 485,FitGear,Books,4144713153625,Medium,127.6
135,Lawyer Pro 665,SustainIt,Books,7969492361453,Medium,211.36
136,Example Lite 604,PureHome,Electronics,6784124982636,High,45.94
137,Great Pro 702,EcoBrand,Books,5032296218260,High,103.06
138,Several Pro 856,BioBeauty,Books,6137953604628,High,401.95
139,Join Plus 72,NatureWear,Toys,4821032745372,Low,34.71
140,Treat Plus 278,SustainIt,Toys,1813125822988,Medium,189.02
141,Head Lite 569,BioBeauty,Home & Kitchen,4508899943232,High,473.38
142,Magazine Lite 651,PureHome,Books,1157405647213,Medium,6.18
143,South Pro 126,NatureWear,Electronics,1015918818257,Medium,442.02
144,Method Eco 983,FitGear,Beauty,5225148829312,High,304.07
145,Hour Eco 40,GreenLife,Electronics,1659704647593,Medium,186.91
146,Building Eco 801,EcoBrand,Electronics,2421723936991,High,379.51
147,Social Eco 603,PureHome,Books,0113855882544,Low,234.51
148,Skin Lite 77,SustainIt,Books,4553993082912,Low,323.83
149,How Lite 504,FitGear,Sports,8174374989031,Medium,352.03
150,Star Lite 127,FitGear,Toys,3885358937621,High,350.67
151,Bill Eco 32,FitGear,Beauty,6958422773375,Medium,108.97
152,Laugh Plus 110,PureHome,Toys,6252424241949,Low,56.97
153,Place Max 727,EcoBrand,Home & Kitchen,7557348390636,High,165.8
154,Eye Lite 691,NatureWear,Electronics,3245547908779,Medium,389.53
155,Include Max 271,FitGear,Home & Kitchen,1131838426997,Low,471.41
156,Area Max 756,SustainIt,Home & Kitchen,0501273549338,High,393.46
157,Economic Lite 986,SustainIt,Books,3970097589481,High,213.87
158,Guess Pro 677,GreenLife,Electronics,0687979224684,Low,123.0
159,Let Plus 660,BioBeauty,Toys,9832027789542,Medium,76.15
160,Everybody Lite 610,FitGear,Home & Kitchen,0301527619066,Medium,400.89
161,Provide Max 139,PureHome,Books,9846271095731,High,400.81
162,Investment Max 728,PureHome,Home & Kitchen,5983320218537,Medium,393.77
163,Hotel Plus 889,EcoBrand,Beauty,8235706896509,Medium,408.32
164,South Pro 517,FitGear,Beauty,4862304507038,Medium,441.59
165,Between Eco 37,GreenLife,Beauty,4221716293432,Medium,379.16
166,Few Plus 232,FitGear,Electronics,8339596567218,Low,432.54
167,Data Max 924,GreenLife,Toys,9470276382956,Medium,435.85
168,Glass Lite 859,SustainIt,Home & Kitchen,5601398459828,Medium,271.02
169,Small Lite 808,BioBeauty,Electronics,3258909128630,Low,193.19
170,Include Eco 892,FitGear,Books,5046633941964,High,78.42
171,A Plus 957,SustainIt,Toys,3678587571540,Medium,478.73
172,Must Lite 943,SustainIt,Books,0538242638656,Low,374.96
173,Really Lite 377,PureHome,Home & Kitchen,1657028145702,Medium,487.44
174,Final Eco 116,EcoBrand,Beauty,6395733303585,High,309.61
175,Place Max 161,NatureWear,Home & Kitchen,4033659530952,Low,69.41
176,Sound Pro 293,FitGear,Beauty,8542719802589,Low,11.56
177,Compare Eco 319,FitGear,Beauty,0991404938641,Medium,240.45
178,East Pro 975,FitGear,Clothing,9558260166710,Low,236.37
179,Somebody Pro 996,NatureWear,Electronics,5703733993421,Low,29.36
180,Set Plus 74,EcoBrand,Electronics,7290229794887,Low,354.99
181,Million Plus 360,EcoBrand,Toys,5093207646268,Low,338.39
182,Do Lite 232,BioBeauty,Books,4436106672432,High,141.96
183,Reach Plus 646,SustainIt,Beauty,4878221463883,Medium,196.24
184,Send Lite 30,GreenLife,Beauty,0287483780241,Medium,358.11
185,Myself Pro 553,SustainIt,Sports,4667966525006,Medium,410.83
186,Education Pro 81,BioBeauty,Toys,5840646676741,Low,276.34
187,Recent Max 905,EcoBrand,Home & Kitchen,6190282590451,Low,249.69
188,Evidence Eco 611,SustainIt,Sports,7669157905755,Medium,9.01
189,Fact Max 559,BioBeauty,Sports,1912817086407,Low,131.02
190,Box Max 15,SustainIt,Books,8381640067205,High,497.52
191,Use Max 786,SustainIt,Home & Kitchen,5156743110690,Medium,163.45
192,This Lite 79,FitGear,Electronics,7582491937483,High,476.64
193,Others Eco 770,GreenLife,Sports,1901063494920,High,28.1
194,Practice Eco 386,SustainIt,Home & Kitchen,0217550885821,High,109.22
195,Southern Eco 235,FitGear,Sports,2556817373977,High,52.26
196,What Max 637,NatureWear,Clothing,9750802795192,High,25.2
197,Director Eco 645,GreenLife,Beauty,0461878691361,Medium,336.36
198,Politics Lite 564,EcoBrand,Toys,1582100354805,High,72.42
199,Change Plus 433,PureHome,Books,6960468622609,Medium,435.25
200,Region Max 384,BioBeauty,Beauty,7491968452797,Medium,303.34
201,Cause Eco 608,BioBeauty,Electronics,0467876872870,Medium,37.68
202,Leader Plus 160,EcoBrand,Sports,4652464832619,Medium,403.2
203,Year Lite 903,EcoBrand,Sports,5196362521477,Medium,329.32
204,Federal Pro 16,NatureWear,Toys,8473192368678,Medium,157.92
205,Until Pro 313,BioBeauty,Toys,9433466875966,Medium,338.25
206,Actually Max 961,SustainIt,Books,5404717422271,Medium,188.02
207,Son Eco 364,GreenLife,Clothing,9314577484905,Medium,423.71
208,Yourself Max 269,BioBeauty,Beauty,1093744431727,High,380.08
209,Impact Max 77,SustainIt,Home & Kitchen,7018554670757,High,392.71
210,Staff Pro 695,EcoBrand,Toys,7191246288758,High,324.52
211,Mission Eco 280,GreenLife,Beauty,3408677982914,Medium,177.88
212,Write Lite 942,NatureWear,Home & Kitchen,8966300778167,Medium,230.89
213,Even Plus 282,EcoBrand,Electronics,8735780748317,Medium,149.27
214,Senior Max 532,FitGear,Home & Kitchen,9878114835891,Medium,61.66
215,Situation Max 453,NatureWear,Home & Kitchen,3074316885313,High,378.73
216,Region Pro 254,FitGear,Electronics,3054264160304,Medium,387.97
217,My Plus 508,PureHome,Clothing,5462643651080,Medium,159.59
218,Open Plus 93,BioBeauty,Home & Kitchen,1089828420053,Medium,280.16
219,Perform Eco 218,PureHome,Electronics,4995961538777,Medium,423.01
220,Policy Max 123,GreenLife,Clothing,7315723494252,Low,88.14
221,Girl Eco 621,SustainIt,Home & Kitchen,4118027324309,High,210.2
222,Crime Plus 36,SustainIt,Electronics,5496883851863,Medium,127.6
223,Health Plus 307,EcoBrand,Books,7624748203962,Low,354.69
224,Arm Lite 871,GreenLife,Electronics,2609905278668,Low,361.56
225,Despite Lite 640,BioBeauty,Books,2620117082492,Low,157.19
226,Clear Eco 469,BioBeauty,Clothing,3205594373258,High,355.11
227,Daughter Eco 397,NatureWear,Toys,5809903116086,Medium,491.81
228,Scientist Plus 431,SustainIt,Toys,4638455733677,High,356.59
229,Finally Lite 772,SustainIt,Books,1878968628722,High,402.61
230,Fly Max 643,NatureWear,Sports,5573677138161,Medium,340.57
231,Four Plus 827,SustainIt,Toys,9571369971382,Medium,388.62
232,Ten Lite 535,GreenLife,Toys,8016969061084,Low,179.25
233,Church Pro 573,FitGear,Books,7054258156685,High,376.57
234,Lot Pro 398,GreenLife,Home & Kitchen,3298660970345,Low,222.13
235,Up Lite 976,PureHome,Clothing,2519936676497,Medium,110.04
236,Street Lite 906,SustainIt,Beauty,0069086786192,High,96.14
237,Course Eco 51,NatureWear,Clothing,8171020435195,Low,316.96
238,Customer Lite 416,FitGear,Toys,0359896612713,Medium,118.39
239,Necessary Pro 697,GreenLife,Toys,0391323122938,Low,222.06
240,Upon Lite 737,FitGear,Beauty,6982119696654,Medium,468.24
241,American Max 632,FitGear,Home & Kitchen,8790400722962,Medium,466.38
242,Resource Eco 46,PureHome,Clothing,8573129591299,Medium,202.56
243,Us Lite 503,EcoBrand,Beauty,1419474057127,Low,136.71
244,International Eco 333,EcoBrand,Electronics,3442318226050,Medium,84.07
245,Special Plus 143,GreenLife,Toys,9670265792104,High,120.91
246,Tough Pro 957,FitGear,Home & Kitchen,5540970453529,High,458.41
247,Charge Eco 32,SustainIt,Sports,6762105797400,High,172.44
248,Every Lite 569,NatureWear,Toys,3997259489724,High,150.23
249,Participant Lite 110,GreenLife,Books,1676681551651,High,47.85
250,Eight Lite 141,NatureWear,Beauty,4771848024362,Low,224.92
251,Suffer Eco 283,GreenLife,Electronics,9432654805990,Medium,425.84
252,Face Eco 956,PureHome,Electronics,0202974640767,High,173.99
253,You Lite 391,BioBeauty,Books,7061240639347,High,108.91
254,Pretty Lite 293,NatureWear,Electronics,5314032290885,High,339.31
255,Prove Pro 851,NatureWear,Electronics,6871489591051,Medium,273.02
256,Treatment Lite 819,GreenLife,Home & Kitchen,9949217225121,Medium,365.69
257,Hand Max 355,EcoBrand,Sports,8213089450884,Medium,304.76
258,Visit Eco 280,SustainIt,Home & Kitchen,6700607540261,Medium,104.63
259,Painting Eco 661,PureHome,Clothing,7674006651776,High,208.03
260,Class Max 561,GreenLife,Home & Kitchen,9143351431435,Medium,189.62
261,Line Plus 850,NatureWear,Home & Kitchen,9685745180258,Low,299.53
262,Manager Plus 111,PureHome,Home & Kitchen,8730392876755,Low,116.88
263,Whose Pro 424,BioBeauty,Beauty,9346775042120,High,109.14
264,Authority Pro 897,BioBeauty,Beauty,4784707162600,High,106.31
265,Listen Pro 891,GreenLife,Clothing,7493073168846,Medium,343.45
266,Radio Max 657,EcoBrand,Sports,8748195604239,High,311.04
267,Skill Max 884,GreenLife,Sports,8405021813905,Medium,12.8
268,Participant Eco 553,BioBeauty,Clothing,6105908805437,High,6.05
269,According Pro 622,PureHome,Electronics,2761617253620,Medium,161.06
270,Local Max 900,NatureWear,Sports,8442843453780,Medium,99.14
271,Model Lite 3,FitGear,Beauty,0215592184087,Medium,114.49
272,Themselves Max 389,FitGear,Beauty,1881758649128,High,113.01
273,Able Pro 655,FitGear,Home & Kitchen,6071058940024,Medium,201.2
274,Imagine Plus 874,EcoBrand,Clothing,0631773191451,Medium,409.37
275,Stay Pro 58,EcoBrand,Sports,2903440650829,Medium,449.42
276,Cover Lite 366,SustainIt,Electronics,0069557249676,Medium,262.79
277,Lot Eco 277,NatureWear,Beauty,3063154345158,Medium,7.22
278,Affect Max 573,SustainIt,Books,6271788322606,Medium,183.31
279,Conference Pro 76,SustainIt,Toys,5862119065449,Medium,344.78
280,Difficult Max 728,BioBeauty,Beauty,5189792050563,High,9.69
281,Write Pro 355,PureHome,Beauty,4433008941949,High,332.88
282,Care Lite 111,SustainIt,Books,5496771565452,Medium,316.65
283,Stand Plus 894,SustainIt,Books,8049079823563,High,385.77
284,Film Pro 828,SustainIt,Electronics,7290281962316,Low,296.93
285,What Plus 946,NatureWear,Sports,6502582968951,High,63.84
286,Truth Max 543,GreenLife,Clothing,5349039689769,Low,492.13
287,Perform Plus 411,FitGear,Toys,0277408688370,Low,12.2
288,Factor Plus 376,GreenLife,Clothing,0465488766198,High,383.22
289,Charge Plus 677,GreenLife,Home & Kitchen,0161560143306,High,218.92
290,System Lite 534,NatureWear,Home & Kitchen,9616735789724,Medium,130.58
291,Radio Pro 258,BioBeauty,Beauty,3667319843970,Low,40.49
292,Loss Max 927,SustainIt,Books,8712343660361,Medium,194.68
293,Something Eco 363,NatureWear,Electronics,1369452437345,Medium,51.26
294,Sense Max 218,GreenLife,Electronics,4363665775451,Medium,146.81
295,Nor Eco 384,NatureWear,Toys,6136716073688,Low,360.36
296,True Eco 391,GreenLife,Home & Kitchen,5224165620599,Medium,77.7
297,Break Max 916,NatureWear,Books,7891912766381,Medium,433.7
298,Color Plus 157,EcoBrand,Sports,2377928309194,Medium,15.0
299,Choice Plus 108,FitGear,Clothing,8812628212664,Low,120.06
300,Business Max 229,FitGear,Toys,7573761778356,High,267.32
301,Follow Max 58,EcoBrand,Clothing,9952048004469,High,340.22
302,Society Eco 588,GreenLife,Home & Kitchen,9016466405656,Low,55.74
303,Often Plus 187,NatureWear,Home & Kitchen,2142653123588,Medium,413.27
304,Hotel Lite 972,BioBeauty,Sports,7330305236655,High,464.79
305,Assume Lite 43,SustainIt,Sports,2579893521186,High,65.28
306,Wear Lite 427,GreenLife,Beauty,5400001996909,High,200.38
307,Parent Plus 166,SustainIt,Toys,9179238720941,High,24.74
308,His Eco 788,GreenLife,Clothing,5035809680455,High,406.1
309,Face Plus 699,EcoBrand,Electronics,2020144361384,Low,430.65
310,Beautiful Eco 424,EcoBrand,Beauty,9941221965284,Medium,276.35
311,Where Eco 632,GreenLife,Clothing,7131954182795,Medium,421.17
312,Keep Max 283,BioBeauty,Home & Kitchen,7280409866510,High,225.9
313,Leader Pro 614,EcoBrand,Books,8725481478514,High,305.0
314,Enter Max 843,SustainIt,Books,1479933258366,Medium,192.31
315,Her Plus 546,BioBeauty,Beauty,6054919237549,Medium,312.53
316,Whatever Pro 485,GreenLife,Beauty,4708378461381,Medium,176.47
317,Citizen Lite 184,FitGear,Books,3149011037784,High,238.5
318,Involve Lite 836,EcoBrand,Beauty,1480487923280,High,309.2
319,Last Eco 403,PureHome,Beauty,4889787352986,High,230.33
320,Hope Lite 953,FitGear,Home & Kitchen,1626164622156,Medium,372.04
321,Window Eco 377,FitGear,Beauty,2267725264256,High,205.02
322,Girl Lite 542,NatureWear,Electronics,8915656903235,Medium,334.85
323,Across Pro 219,FitGear,Electronics,3155351903481,High,318.65
324,Seem Pro 588,FitGear,Books,1438751988459,Low,372.69
325,The Lite 880,BioBeauty,Books,2988279080962,High,102.46
326,Ten Pro 808,GreenLife,Toys,9029623989753,Medium,151.05
327,Us Lite 522,GreenLife,Beauty,3877842581526,High,7.5
328,Dinner Lite 703,PureHome,Sports,7441301843317,High,322.24
329,Early Eco 985,PureHome,Beauty,1630418147265,High,119.36
330,Public Lite 152,SustainIt,Toys,9057742339432,Medium,76.02
331,List Eco 636,BioBeauty,Home & Kitchen,6716160513581,Low,85.28
332,Each Pro 468,PureHome,Electronics,4138587644754,Medium,252.87
333,Machine Pro 744,PureHome,Clothing,8532110916169,High,427.41
334,Case Eco 463,PureHome,Toys,1526724787052,Medium,159.41
335,Type Eco 675,BioBeauty,Sports,5133491850900,High,146.84
336,Nation Eco 800,SustainIt,Beauty,5725355768331,Low,211.22
337,President Plus 368,FitGear,Electronics,2219341865911,High,330.32
338,Me Eco 349,SustainIt,Beauty,2448167440570,High,69.27
339,Land Lite 307,EcoBrand,Toys,2777983691027,Low,474.92
340,College Max 432,GreenLife,Sports,6663718925900,Medium,31.79
341,Prepare Eco 528,NatureWear,Toys,9796940830418,Medium,211.92
342,Before Eco 144,SustainIt,Beauty,0742458842664,Low,68.62
343,Technology Eco 48,GreenLife,Books,6928918654624,Medium,449.76
344,Even Max 587,PureHome,Books,4934190872696,Low,145.81
345,Visit Plus 731,FitGear,Home & Kitchen,3526231817691,Low,375.32
346,Movie Eco 726,PureHome,Books,8018909478532,Low,492.41
347,Me Pro 636,EcoBrand,Clothing,2046083580792,Medium,53.45
348,Camera Lite 744,GreenLife,Beauty,4822832302284,High,461.82
349,Beat Max 438,GreenLife,Electronics,4736961387015,Medium,407.14
350,Laugh Plus 995,GreenLife,Electronics,7050706977109,Medium,454.46
351,Officer Eco 706,PureHome,Books,9331401296916,Medium,295.85
352,Brother Max 979,EcoBrand,Books,4199589083927,High,266.86
353,Hospital Plus 79,PureHome,Sports,6631973121405,Low,352.9
354,Century Eco 443,BioBeauty,Books,4639412305067,Low,238.59
355,Eat Plus 7,EcoBrand,Clothing,0262092881527,High,455.59
356,Effect Max 575,EcoBrand,Home & Kitchen,5729449490245,Medium,76.03
357,Decade Lite 847,EcoBrand,Books,4290360186810,Medium,193.21
358,Subject Max 420,FitGear,Clothing,0441870506580,Low,459.95
359,Short Eco 874,GreenLife,Clothing,2359144943802,Medium,12.17
360,Southern Pro 692,PureHome,Toys,3300148342794,High,263.45
361,Concern Plus 336,GreenLife,Electronics,1854174504029,Low,122.0
362,Total Pro 639,BioBeauty,Home & Kitchen,1569243474416,Low,144.36
363,Water Plus 402,PureHome,Toys,9608351618052,Medium,144.91
364,Reason Lite 998,BioBeauty,Beauty,8412635508066,High,366.68
365,Affect Max 205,EcoBrand,Electronics,3420299519637,High,71.28
366,Oil Plus 976,NatureWear,Clothing,6728006136045,Medium,425.59
367,President Plus 274,PureHome,Electronics,2439649610345,Medium,279.93
368,Analysis Eco 324,SustainIt,Toys,8581824441467,Medium,434.28
369,Think Max 91,NatureWear,Home & Kitchen,1276718869867,Low,332.11
370,Name Plus 792,NatureWear,Clothing,6529358729165,High,387.16
371,North Eco 166,BioBeauty,Books,7047358343956,High,72.58
372,Capital Lite 493,GreenLife,Electronics,6546173245397,Medium,480.32
373,Area Eco 252,EcoBrand,Toys,0456338755509,High,247.13
374,Crime Max 214,BioBeauty,Toys,6767737445521,Medium,382.37
375,Attention Lite 140,EcoBrand,Electronics,5618461575675,Medium,47.13
376,I Eco 132,GreenLife,Books,0562195280785,Medium,397.29
377,Color Plus 970,PureHome,Books,2564621298812,High,376.91
378,Activity Plus 471,PureHome,Clothing,2147515271506,Low,220.06
379,Sea Max 773,GreenLife,Toys,8659257117607,Medium,454.38
380,Scene Lite 572,EcoBrand,Sports,6851850508727,Medium,145.07
381,All Eco 440,GreenLife,Clothing,2689035499119,High,280.63
382,Southern Lite 238,PureHome,Sports,1969563303609,Medium,203.98
383,Mother Plus 614,SustainIt,Books,8572131835063,Low,309.95
384,Just Lite 450,EcoBrand,Sports,5878264873396,Low,469.59
385,Reflect Eco 763,FitGear,Toys,3858329252634,Medium,166.56
386,Figure Max 243,NatureWear,Beauty,7575809786927,Medium,70.22
387,Hard Max 357,GreenLife,Clothing,9895894401238,High,430.2
388,Painting Max 440,SustainIt,Sports,4719668548521,High,372.21
389,Focus Pro 396,FitGear,Beauty,5759709510314,High,113.51
390,Save Eco 720,GreenLife,Beauty,0503831592381,Medium,438.36
391,Knowledge Plus 44,FitGear,Sports,1771438072097,Low,49.92
392,Democrat Pro 892,EcoBrand,Clothing,0760887833657,Medium,48.7
393,Green Max 534,PureHome,Beauty,6046114185855,Medium,140.01
394,Measure Pro 445,SustainIt,Sports,4056898799980,High,447.98
395,Standard Lite 691,GreenLife,Sports,0820677397155,Medium,424.94
396,Baby Pro 106,EcoBrand,Electronics,5491495091980,High,69.44
397,Learn Lite 7,GreenLife,Books,1211376094190,Medium,102.84
398,Blood Lite 218,GreenLife,Home & Kitchen,9011081678997,Medium,91.88
399,Occur Plus 375,NatureWear,Toys,7931389933210,Medium,456.01
400,South Pro 291,NatureWear,Books,4416855043172,Medium,262.09
401,Popular Pro 467,PureHome,Home & Kitchen,6793268259344,Medium,454.77
402,State Max 686,FitGear,Books,9425638210187,High,357.6
403,Agency Lite 34,BioBeauty,Beauty,0436915423816,Medium,186.95
404,Could Pro 826,NatureWear,Books,9317383858144,Medium,288.06
405,He Pro 205,FitGear,Beauty,0709131649347,Medium,326.65
406,Two Pro 448,SustainIt,Home & Kitchen,7985693961032,Low,198.4
407,Food Plus 287,SustainIt,Toys,8073688806051,Low,430.34
408,Peace Max 260,PureHome,Clothing,8090366487418,Low,342.2
409,Look Lite 425,GreenLife,Clothing,6290696365789,Low,416.02
410,Mission Lite 482,EcoBrand,Beauty,3470317208012,Low,366.63
411,Person Pro 595,EcoBrand,Electronics,6780977685168,High,456.41
412,Accept Plus 840,NatureWear,Books,5908460120809,High,47.39
413,Language Eco 98,GreenLife,Electronics,1517374825706,High,261.58
414,Himself Plus 701,SustainIt,Home & Kitchen,6335663854740,Low,410.78
415,Easy Eco 43,FitGear,Home & Kitchen,6925526499852,High,278.76
416,Common Lite 333,EcoBrand,Home & Kitchen,3506734332181,Medium,35.87
417,Two Pro 695,PureHome,Beauty,8253024525666,High,57.95
418,Company Max 262,FitGear,Toys,6308420324053,Medium,261.6
419,Scene Eco 429,NatureWear,Toys,4615565633554,Medium,340.33
420,Moment Plus 54,EcoBrand,Toys,2189018460667,Medium,436.69
421,All Plus 253,EcoBrand,Home & Kitchen,0420646100115,High,109.35
422,Black Pro 595,EcoBrand,Clothing,2338941972321,High,156.84
423,People Pro 99,NatureWear,Books,7705032474043,Medium,168.35
424,Analysis Max 163,PureHome,Toys,8569447578258,High,210.0
425,Conference Plus 347,SustainIt,Beauty,0550651314433,High,222.49
426,Feeling Lite 698,NatureWear,Home & Kitchen,3329624425462,Low,38.73
427,Century Plus 160,NatureWear,Clothing,3525963990573,Medium,95.25
428,Position Max 819,EcoBrand,Sports,7589914469149,Medium,439.38
429,Between Eco 50,NatureWear,Home & Kitchen,9326632232505,Medium,104.89
430,There Lite 412,BioBeauty,Beauty,7703152831753,High,81.97
431,Suggest Eco 903,FitGear,Clothing,4468335462249,High,377.12
432,Pick Eco 105,PureHome,Books,2346367606935,Medium,269.41
433,Opportunity Pro 532,GreenLife,Electronics,2616637232172,Medium,167.43
434,Class Plus 944,BioBeauty,Toys,1856917218736,High,290.37
435,Land Lite 78,PureHome,Beauty,9171705876717,Medium,469.13
436,Campaign Plus 277,GreenLife,Clothing,7965326014014,Low,381.8
437,However Max 740,EcoBrand,Home & Kitchen,6068776706735,Low,334.9
438,Lot Eco 339,FitGear,Books,4609278411653,Low,496.57
439,Subject Plus 271,NatureWear,Home & Kitchen,6272277873951,Low,50.83
440,Soon Pro 444,EcoBrand,Electronics,3925767724440,High,440.51
441,Third Max 695,EcoBrand,Toys,5315396119577,Medium,128.24
442,Government Lite 727,PureHome,Beauty,8545524808814,Medium,349.03
443,Research Pro 874,SustainIt,Clothing,2444275293152,Medium,321.09
444,Poor Plus 689,GreenLife,Home & Kitchen,7311257660705,Low,230.01
445,Last Max 255,PureHome,Beauty,0438775811857,Medium,313.49
446,Be Pro 602,GreenLife,Sports,3825323234645,High,299.2
447,Reduce Plus 975,SustainIt,Beauty,9536950686922,Medium,17.36
448,Themselves Max 939,GreenLife,Toys,8221295289464,Low,40.26
449,Design Pro 213,GreenLife,Sports,0058000452435,Low,315.96
450,Scientist Plus 904,NatureWear,Books,0762398436761,Medium,289.14
451,Red Plus 404,NatureWear,Electronics,6671769332653,High,308.02
452,Measure Plus 457,GreenLife,Electronics,1764842293943,Low,481.37
453,Dinner Pro 820,SustainIt,Beauty,3406592794056,Medium,494.97
454,Win Lite 94,PureHome,Beauty,8220999889871,Medium,454.91
455,Everybody Max 511,EcoBrand,Home & Kitchen,7062572193699,Medium,67.88
456,Woman Eco 727,SustainIt,Sports,8319704487409,High,448.27
457,Life Lite 488,NatureWear,Beauty,1889715288076,High,442.21
458,Protect Pro 635,PureHome,Home & Kitchen,5678508900921,Low,132.34
459,Admit Pro 689,FitGear,Electronics,6089911608257,Medium,464.23
460,Recognize Max 974,NatureWear,Electronics,4907974037710,Medium,239.97
461,Once Pro 153,NatureWear,Books,4716003208249,Low,214.79
462,Mrs Pro 538,PureHome,Beauty,0618762854511,Low,294.64
463,Also Eco 835,SustainIt,Beauty,7354065599300,Medium,434.62
464,Gas Lite 610,GreenLife,Home & Kitchen,6303349368409,Low,296.12
465,Paper Lite 573,EcoBrand,Toys,1478842381325,High,212.93
466,Reflect Plus 888,FitGear,Toys,8636438086952,Medium,266.68
467,Magazine Lite 166,SustainIt,Clothing,9373795095607,Low,405.65
468,Bed Pro 490,FitGear,Books,8059126621301,High,38.41
469,Can Max 260,PureHome,Beauty,0848406153360,Medium,157.03
470,East Plus 362,SustainIt,Clothing,5269229579802,Medium,393.19
471,Plan Lite 738,PureHome,Books,0480138780669,High,468.75
472,Account Plus 987,EcoBrand,Sports,7234526524143,Medium,191.79
473,Brother Lite 841,GreenLife,Toys,6958002763505,Medium,369.11
474,Others Plus 769,PureHome,Books,1257274660167,Medium,436.68
475,Each Plus 851,PureHome,Beauty,8126887437738,Medium,181.91
476,Conference Plus 432,SustainIt,Beauty,5937954343905,Low,349.17
477,Evening Plus 992,EcoBrand,Home & Kitchen,2486989637877,High,486.13
478,Eat Pro 898,NatureWear,Beauty,2802472823945,High,112.0
479,Clearly Eco 857,SustainIt,Home & Kitchen,9500599616848,Low,10.08
480,Admit Max 694,BioBeauty,Beauty,2060486959139,High,381.51
481,Only Eco 212,NatureWear,Clothing,2026762200579,Low,55.24
482,Perform Plus 4,PureHome,Home & Kitchen,6964676174998,Low,209.44
483,Along Eco 156,EcoBrand,Home & Kitchen,9852143533706,High,160.43
484,Top Lite 317,PureHome,Toys,1097509761869,Medium,375.93
485,Chair Lite 777,EcoBrand,Electronics,0786940513953,Low,227.87
486,Learn Plus 938,GreenLife,Clothing,7496063485589,Medium,55.95
487,Yourself Eco 788,GreenLife,Clothing,7051062914807,Medium,483.22
488,Bad Pro 184,EcoBrand,Electronics,9695230504025,Medium,70.38
489,Per Plus 118,PureHome,Beauty,4283933556066,High,252.07
490,Mrs Eco 566,GreenLife,Beauty,5802623877046,Low,288.55
491,Police Max 858,NatureWear,Books,1713102653102,Medium,165.03
492,Specific Plus 510,SustainIt,Beauty,2419874234349,Medium,27.9
493,Travel Max 517,EcoBrand,Home & Kitchen,9366618798397,Low,275.75
494,Government Plus 200,SustainIt,Books,4051584937196,High,330.08
495,Chair Pro 3,SustainIt,Beauty,7340353570458,High,138.38
496,Your Plus 680,SustainIt,Sports,3667701162269,Low,269.11
497,Sister Pro 101,SustainIt,Books,5649221029770,Low,248.97
498,Pressure Lite 253,BioBeauty,Electronics,6725558000527,High,204.9
499,Early Pro 175,SustainIt,Electronics,4764669446727,Low,230.33
500,Unit Eco 568,GreenLife,Home & Kitchen,1312876139517,Medium,265.08
501,Indeed Max 952,EcoBrand,Electronics,6812045137412,High,468.32
502,From Lite 414,SustainIt,Beauty,3488686637616,Medium,490.77
503,Throw Max 98,FitGear,Clothing,4925724158676,Low,364.57
504,Whole Lite 752,GreenLife,Clothing,3279183241914,Medium,395.29
505,Realize Plus 537,NatureWear,Toys,4575578455690,Medium,206.55
506,Hair Eco 895,GreenLife,Sports,9148900168152,Medium,331.62
507,Return Pro 530,SustainIt,Books,8189809710470,Medium,133.19
508,All Max 68,GreenLife,Beauty,3916254087988,Medium,164.52
509,At Lite 682,EcoBrand,Toys,0214085196910,Medium,409.75
510,Guess Max 657,EcoBrand,Clothing,8393388752206,High,136.12
511,Choose Pro 794,NatureWear,Clothing,1921899143168,High,323.1
512,Ball Plus 36,FitGear,Electronics,4731995738208,Medium,436.36
513,Phone Pro 458,PureHome,Sports,9861341882929,Medium,391.8
514,By Plus 826,PureHome,Beauty,5991911403309,Medium,255.22
515,Language Max 532,PureHome,Sports,5298963890744,Medium,472.01
516,Price Eco 182,SustainIt,Home & Kitchen,9899223468855,High,364.68
517,Company Max 7,GreenLife,Books,2356434576368,Low,49.97
518,Reason Plus 287,EcoBrand,Clothing,9654848253992,Low,282.7
519,Quite Plus 90,NatureWear,Beauty,4044952284510,High,188.79
520,Win Pro 894,GreenLife,Beauty,1218452632109,High,111.14
521,Morning Max 67,FitGear,Books,7743556982385,High,26.87
522,Which Lite 609,PureHome,Home & Kitchen,1574115401001,Low,249.16
523,Support Eco 917,FitGear,Electronics,7530864884421,Medium,67.97
524,Yourself Max 594,BioBeauty,Home & Kitchen,6953320395780,Low,197.72
525,Better Eco 430,NatureWear,Clothing,8840982537765,Low,134.28
526,Next Plus 490,BioBeauty,Books,6033090644490,Medium,8.05
527,Sense Max 636,EcoBrand,Beauty,0421779428732,High,474.44
528,About Lite 39,BioBeauty,Books,8872855792407,High,84.51
529,Heavy Eco 423,SustainIt,Beauty,9358159589428,Low,45.1
530,Spring Pro 842,SustainIt,Sports,7497836638324,Medium,70.39
531,Executive Max 685,SustainIt,Books,6412117802448,Medium,131.86
532,Strategy Pro 227,PureHome,Toys,7998951534039,Medium,82.89
533,Treatment Pro 844,GreenLife,Home & Kitchen,6255161245904,Medium,197.55
534,Wife Plus 192,SustainIt,Clothing,0287510400111,Medium,326.79
535,Power Eco 697,BioBeauty,Beauty,8468525483487,Medium,97.48
536,Range Pro 171,EcoBrand,Books,3568160701726,Low,308.13
537,Blue Lite 174,PureHome,Sports,6345844087256,Low,303.95
538,Above Max 991,PureHome,Electronics,1986420514640,High,221.27
539,Strong Lite 966,BioBeauty,Toys,8044191413425,High,321.9
540,Subject Max 273,EcoBrand,Electronics,0690696822088,High,350.07
541,Art Eco 166,GreenLife,Toys,6679424010366,Medium,456.44
542,Game Eco 530,EcoBrand,Books,1152853910803,High,244.84
543,Phone Plus 86,FitGear,Beauty,9756218094935,Medium,70.7
544,Land Max 946,EcoBrand,Home & Kitchen,6439538997560,Low,17.34
545,Good Lite 947,NatureWear,Electronics,0834760018179,High,155.67
546,Region Plus 846,FitGear,Beauty,6679868454689,Medium,53.59
547,Pm Plus 392,FitGear,Electronics,2991725175501,High,91.72
548,Modern Pro 679,GreenLife,Toys,8963183968425,Low,84.41
549,Air Eco 74,FitGear,Electronics,2460923082268,Low,176.36
550,Goal Eco 334,BioBeauty,Home & Kitchen,4015307392310,Medium,94.75
551,Just Eco 837,BioBeauty,Books,1552174023693,High,190.31
552,Cut Plus 236,NatureWear,Beauty,8765093656337,Medium,204.72
553,Whose Plus 598,PureHome,Books,7126370881735,High,204.04
554,About Eco 664,SustainIt,Electronics,1216825305865,Medium,50.79
555,Machine Lite 867,NatureWear,Beauty,9763640667545,Low,245.94
556,Born Eco 842,SustainIt,Books,6004935415834,Medium,499.72
557,Next Eco 867,NatureWear,Sports,5799860282187,Medium,336.6
558,Choice Pro 332,FitGear,Sports,6703971236358,Low,446.78
559,Issue Plus 725,FitGear,Clothing,3818019622048,Medium,303.24
560,Style Pro 216,SustainIt,Home & Kitchen,2148088319329,Medium,78.74
561,Idea Pro 665,SustainIt,Sports,9630688962447,Medium,30.66
562,Card Max 634,FitGear,Toys,4933297199170,Medium,314.09
563,Off Plus 900,GreenLife,Beauty,6395631199969,Medium,174.63
564,Beat Pro 995,PureHome,Books,8374744429284,High,29.56
565,Sea Lite 104,FitGear,Sports,5412450617014,Low,340.35
566,Most Plus 965,GreenLife,Books,2098357892353,Low,194.46
567,Standard Pro 438,GreenLife,Home & Kitchen,9614946149481,Low,210.58
568,Tonight Max 251,PureHome,Beauty,5102169201689,Medium,350.83
569,Still Pro 376,PureHome,Sports,9195470238686,High,92.9
570,Subject Plus 24,SustainIt,Toys,5832167331346,Low,102.05
571,Enough Max 617,NatureWear,Electronics,8814089403162,Medium,81.68
572,Five Eco 788,NatureWear,Beauty,6005024545760,Medium,239.84
573,I Plus 882,PureHome,Electronics,7438608579100,Medium,246.0
574,Nor Eco 765,FitGear,Clothing,6214810595029,Low,477.18
575,Second Max 572,GreenLife,Clothing,5502984357019,Low,100.68
576,Spring Eco 320,BioBeauty,Beauty,9892115872372,Medium,239.5
577,Partner Plus 980,GreenLife,Electronics,5537688332765,High,165.25
578,Focus Plus 541,FitGear,Toys,3194048658266,Medium,101.09
579,For Lite 219,FitGear,Sports,4093322354933,Low,488.07
580,Reality Pro 805,BioBeauty,Home & Kitchen,1301241435590,Medium,224.04
581,Event Eco 496,GreenLife,Home & Kitchen,1576099892271,Medium,231.63
582,Question Max 907,PureHome,Sports,9227347411851,Medium,282.05
583,Also Plus 405,SustainIt,Home & Kitchen,5160909230917,Low,317.79
584,About Max 295,NatureWear,Sports,8554039454942,Medium,205.06
585,Guess Eco 734,GreenLife,Home & Kitchen,4255292298765,High,93.44
586,Recent Plus 304,SustainIt,Beauty,7416109153890,Medium,184.08
587,Store Lite 394,GreenLife,Books,5364126517008,High,8.81
588,Eat Lite 378,PureHome,Electronics,0067397957614,Medium,203.95
589,Return Max 344,EcoBrand,Electronics,4913147194197,High,307.52
590,Treat Pro 263,PureHome,Home & Kitchen,3998740703916,High,113.88
591,Political Pro 899,FitGear,Electronics,5779521709284,Low,255.77
592,Family Eco 132,SustainIt,Sports,4208404055107,Medium,373.67
593,Thought Eco 12,SustainIt,Books,3218408025250,Medium,485.75
594,Must Lite 41,PureHome,Clothing,7744903406844,High,54.17
595,About Pro 803,NatureWear,Beauty,2253072149391,Medium,204.94
596,Tree Plus 834,EcoBrand,Toys,2147963177788,High,81.49
597,Age Plus 20,GreenLife,Sports,2453736662390,Medium,148.34
598,Happen Pro 876,PureHome,Electronics,1899020558054,Medium,193.17
599,Party Eco 718,EcoBrand,Home & Kitchen,8035843145559,Medium,159.39
600,Increase Pro 144,GreenLife,Electronics,5770858735731,Medium,420.71
601,Movie Eco 296,EcoBrand,Electronics,7647106293405,Medium,260.64
602,Type Max 530,FitGear,Clothing,7659338754623,Medium,113.06
603,Sound Eco 374,SustainIt,Books,0750155362514,Low,83.53
604,Behavior Eco 248,GreenLife,Clothing,5207431730925,Medium,452.17
605,Job Lite 654,PureHome,Toys,5753948250147,High,282.49
606,Series Max 472,BioBeauty,Clothing,6370155505205,Medium,490.14
607,Range Pro 140,EcoBrand,Home & Kitchen,0109773802245,Medium,415.46
608,International Pro 789,EcoBrand,Toys,4050513773362,Medium,68.38
609,Fund Lite 235,SustainIt,Clothing,6336450470198,Medium,491.5
610,North Lite 490,NatureWear,Books,4980567154360,High,72.98
611,We Lite 128,FitGear,Beauty,9347719520001,Medium,13.69
612,Song Pro 248,EcoBrand,Toys,7950304648411,Low,419.42
613,Perhaps Eco 752,BioBeauty,Toys,4237606166335,High,445.12
614,Town Lite 407,NatureWear,Electronics,9231893808478,High,398.27
615,Step Eco 957,BioBeauty,Beauty,3092454458329,Medium,89.56
616,Create Eco 668,SustainIt,Toys,8972308698093,High,103.27
617,Machine Eco 990,FitGear,Toys,6854369941597,Medium,400.41
618,These Plus 875,EcoBrand,Home & Kitchen,4405775530008,Low,59.63
619,Away Plus 87,BioBeauty,Books,3395199594483,Medium,359.3
620,Good Eco 510,SustainIt,Sports,9638437197348,Medium,73.8
621,Education Plus 413,NatureWear,Beauty,5457574630006,Medium,320.47
622,Let Max 892,PureHome,Clothing,0268834031977,High,253.26
623,Purpose Pro 545,SustainIt,Books,1045484305790,Medium,102.85
624,Name Lite 698,BioBeauty,Home & Kitchen,4669891516678,Low,350.69
625,College Pro 194,NatureWear,Toys,0052395256982,Medium,381.67
626,Others Plus 436,FitGear,Electronics,2834376506556,High,300.02
627,Finish Plus 952,GreenLife,Sports,9010914186418,High,118.59
628,Customer Lite 49,GreenLife,Sports,4578076028311,Low,408.44
629,Dinner Pro 841,GreenLife,Books,8817499084426,Medium,298.12
630,Energy Pro 962,PureHome,Books,6138210931525,Medium,270.48
631,Major Eco 831,GreenLife,Books,2824947985293,Medium,120.85
632,Information Max 79,NatureWear,Clothing,9395406223506,Medium,163.31
633,Rate Pro 321,PureHome,Sports,3540221865172,Medium,199.51
634,Sit Plus 806,NatureWear,Toys,6965338758808,High,183.31
635,More Lite 797,GreenLife,Clothing,1936098043782,Low,67.24
636,Argue Eco 123,GreenLife,Books,7943161400810,Low,498.6
637,Several Plus 593,NatureWear,Sports,4552043608560,Medium,368.94
638,Game Pro 935,FitGear,Electronics,2323972413196,Medium,482.14
639,Myself Pro 641,BioBeauty,Books,7116365043200,Medium,176.4
640,Last Lite 74,GreenLife,Home & Kitchen,4180081487047,High,170.16
641,Career Max 469,GreenLife,Beauty,0436050353801,Medium,388.79
642,Choice Max 187,GreenLife,Electronics,4340658883041,High,34.87
643,Finally Pro 383,FitGear,Home & Kitchen,8895661996098,Medium,296.19
644,Happen Lite 683,GreenLife,Clothing,8651398508986,Medium,188.37
645,Staff Eco 572,SustainIt,Beauty,9333328107870,High,446.66
646,Daughter Lite 548,GreenLife,Clothing,5179684677985,High,76.25
647,Beat Plus 812,EcoBrand,Books,3046206669174,Medium,447.91
648,History Plus 975,EcoBrand,Sports,1330912355424,Medium,188.09
649,Along Max 52,GreenLife,Toys,1528365135391,High,492.86
650,Pattern Eco 109,NatureWear,Electronics,3715034527504,High,142.31
651,Particularly Max 451,FitGear,Electronics,7769642614190,Medium,9.13
652,No Lite 151,BioBeauty,Beauty,7624453792904,High,343.49
653,Cell Eco 152,EcoBrand,Clothing,0529831355894,Medium,104.61
654,Not Plus 404,EcoBrand,Home & Kitchen,3600336972247,Medium,494.91
655,Defense Lite 782,SustainIt,Sports,8244838621873,High,222.87
656,For Max 862,SustainIt,Clothing,5851519448464,Low,384.41
657,Character Lite 39,BioBeauty,Beauty,6947910421201,Medium,401.63
658,His Eco 932,NatureWear,Toys,0809324138754,High,169.66
659,Network Plus 378,NatureWear,Toys,7845494699858,Medium,413.91
660,Couple Plus 630,FitGear,Clothing,5458537890840,Low,346.93
661,Affect Lite 886,FitGear,Home & Kitchen,3617569312535,Medium,159.19
662,Rest Plus 216,NatureWear,Beauty,5478805794687,Low,51.36
663,Market Plus 638,SustainIt,Clothing,1771237794077,Medium,486.88
664,Heavy Pro 914,PureHome,Home & Kitchen,0363445227884,Low,325.51
665,Involve Max 312,NatureWear,Electronics,9497016199988,Low,289.87
666,Heart Pro 847,GreenLife,Electronics,1934548998187,Medium,326.34
667,Attention Pro 257,GreenLife,Toys,4091350847700,High,232.86
668,Own Max 254,SustainIt,Sports,0022047484575,Medium,242.11
669,Fact Plus 781,NatureWear,Books,7193549755319,Medium,449.26
670,All Eco 79,SustainIt,Home & Kitchen,4352801958780,Medium,48.43
671,Those Pro 310,BioBeauty,Clothing,6888044453594,Medium,258.79
672,Address Pro 821,BioBeauty,Clothing,3613636003122,Medium,319.81
673,Majority Plus 42,NatureWear,Electronics,5271650740799,Low,238.12
674,Price Max 734,FitGear,Toys,1521431909759,Medium,476.32
675,Cultural Pro 722,EcoBrand,Books,6045031461356,Medium,343.84
676,Start Eco 359,BioBeauty,Beauty,2325328391776,High,245.87
677,Both Pro 702,NatureWear,Clothing,6185090272262,High,87.44
678,Heavy Max 707,BioBeauty,Electronics,1514444960640,High,460.83
679,It Plus 790,SustainIt,Toys,5935282160768,High,252.02
680,Source Lite 409,NatureWear,Sports,0904653146750,Low,35.7
681,Tree Max 297,SustainIt,Books,9318774526406,High,415.42
682,Act Max 447,BioBeauty,Electronics,7598981882003,Medium,87.01
683,Fly Max 659,GreenLife,Clothing,8539759687771,High,93.98
684,Kitchen Max 318,NatureWear,Clothing,0878681259297,Medium,226.49
685,Eye Lite 217,SustainIt,Clothing,4315371127581,High,154.73
686,Type Eco 96,PureHome,Toys,2333572641783,Low,274.75
687,Blood Plus 780,BioBeauty,Books,1710060627442,Medium,312.4
688,Approach Plus 519,FitGear,Electronics,5860007042886,Medium,163.51
689,Partner Lite 350,FitGear,Electronics,8912035296513,Medium,205.35
690,Wall Lite 525,NatureWear,Electronics,9964238488478,Medium,434.17
691,Factor Lite 988,FitGear,Electronics,5613431820113,Low,319.46
692,Part Eco 367,FitGear,Sports,1009815306412,High,207.44
693,Suddenly Pro 58,EcoBrand,Home & Kitchen,3521978758214,Medium,183.17
694,Least Plus 720,FitGear,Sports,0113958043835,Medium,453.13
695,Top Eco 369,GreenLife,Beauty,5077789094556,Medium,16.27
696,Green Plus 443,BioBeauty,Sports,9363663551434,High,365.34
697,Attention Max 398,PureHome,Home & Kitchen,5768559507078,Medium,122.5
698,Record Eco 211,FitGear,Sports,8793100681508,High,127.21
699,Southern Pro 134,SustainIt,Home & Kitchen,6948298931023,High,322.44
700,Thousand Max 573,SustainIt,Electronics,5202360179173,Medium,442.16
701,Prevent Pro 338,EcoBrand,Home & Kitchen,5325204571916,Medium,21.1
702,Local Pro 314,BioBeauty,Sports,3190481070719,Medium,52.68
703,Common Plus 662,SustainIt,Toys,3606480720604,High,157.94
704,Expect Max 128,SustainIt,Toys,1776617053713,Medium,299.78
705,My Eco 311,SustainIt,Sports,4563786892093,Medium,194.68
706,Themselves Lite 158,GreenLife,Beauty,6790209809941,Low,197.22
707,Couple Lite 642,NatureWear,Sports,3164914857048,Low,42.99
708,Evidence Max 899,EcoBrand,Toys,2483160074605,High,374.8
709,Feel Plus 995,FitGear,Beauty,7518407703569,Medium,22.49
710,Capital Eco 242,BioBeauty,Clothing,4935165018156,Medium,358.0
711,Eight Pro 971,FitGear,Electronics,3596836071552,High,331.47
712,Story Lite 802,FitGear,Clothing,5869134665548,High,371.54
713,Hot Pro 890,BioBeauty,Beauty,6806620584500,Low,41.92
714,Next Plus 881,BioBeauty,Toys,2081302549259,Medium,452.71
715,Pm Max 847,BioBeauty,Sports,1619333873497,Medium,464.64
716,Kid Eco 493,BioBeauty,Sports,1885381342272,Medium,99.46
717,Tree Pro 13,FitGear,Electronics,6745986412068,Medium,492.76
718,Money Lite 518,BioBeauty,Electronics,1482933768100,Medium,13.37
719,Management Pro 392,PureHome,Clothing,5355560377525,High,379.16
720,Race Lite 48,NatureWear,Electronics,5942039775366,Low,227.9
721,Court Plus 59,BioBeauty,Home & Kitchen,8027760840709,Low,469.66
722,He Eco 987,NatureWear,Toys,7005094944714,Medium,494.07
723,Young Eco 608,NatureWear,Sports,0309577957459,High,212.75
724,Back Plus 961,NatureWear,Books,2443215255991,Medium,100.09
725,Live Plus 243,BioBeauty,Beauty,2605866867590,High,388.99
726,Stock Max 943,EcoBrand,Beauty,3968235503161,High,247.05
727,Pm Max 586,BioBeauty,Electronics,7870207375286,Low,216.49
728,Their Eco 58,BioBeauty,Home & Kitchen,9371974569758,Low,236.12
729,Time Pro 54,NatureWear,Beauty,0181647577015,Medium,67.39
730,Opportunity Lite 952,SustainIt,Home & Kitchen,9667595977820,High,244.95
731,Already Eco 757,SustainIt,Beauty,4698037715675,Medium,461.84
732,Tax Max 197,SustainIt,Books,5497868653069,Medium,431.46
733,Last Plus 410,BioBeauty,Books,4323873110192,Low,263.12
734,Career Pro 838,SustainIt,Electronics,2743596944041,Medium,392.77
735,Agree Plus 700,PureHome,Clothing,1190293709267,High,362.7
736,Case Lite 945,GreenLife,Clothing,7217931738299,Medium,301.09
737,Tax Max 448,PureHome,Home & Kitchen,0936860909736,Medium,256.56
738,Life Plus 434,SustainIt,Home & Kitchen,8873204133049,Medium,363.06
739,Total Max 765,BioBeauty,Sports,6713378349964,Medium,275.19
740,Fire Max 559,EcoBrand,Beauty,5961974051748,High,48.71
741,Project Eco 283,PureHome,Clothing,8140114582237,Low,293.66
742,Build Lite 654,PureHome,Home & Kitchen,2470421226736,Medium,390.17
743,Close Plus 344,PureHome,Home & Kitchen,9420317756406,High,375.33
744,Black Eco 525,PureHome,Electronics,7415846123296,Medium,355.6
745,Something Plus 386,BioBeauty,Books,6912154005067,High,443.43
746,Subject Lite 668,SustainIt,Books,5850944651630,Medium,276.89
747,Yourself Max 703,FitGear,Toys,1981591497594,Medium,398.03
748,Movement Eco 143,GreenLife,Toys,1573390712437,Medium,9.32
749,Positive Plus 896,FitGear,Electronics,7746538453361,Medium,359.04
750,Program Lite 38,GreenLife,Sports,8699688324373,High,7.72
751,Teacher Eco 847,FitGear,Beauty,7219641164177,High,428.54
752,Step Max 385,NatureWear,Toys,4207123707748,High,381.13
753,Medical Lite 28,NatureWear,Home & Kitchen,5104561270591,Low,108.68
754,Culture Pro 894,EcoBrand,Books,2933071355060,Medium,135.64
755,Foreign Plus 329,PureHome,Books,2375260379868,Low,76.48
756,Need Eco 627,PureHome,Electronics,2557361201129,High,498.51
757,Again Lite 86,EcoBrand,Home & Kitchen,9126159323447,High,112.77
758,Trial Pro 245,EcoBrand,Toys,1860435767393,Low,327.56
759,Ball Pro 918,SustainIt,Beauty,5426769577075,Low,93.23
760,Official Lite 370,GreenLife,Toys,0477603563438,Medium,322.87
761,She Max 689,FitGear,Home & Kitchen,3025335346477,Low,73.62
762,Cut Max 2,GreenLife,Books,6455957098183,Medium,373.68
763,Without Max 351,NatureWear,Toys,2904448131723,High,447.85
764,Us Max 644,SustainIt,Toys,3606972260564,High,93.4
765,Low Max 488,GreenLife,Beauty,9690583132581,Low,432.72
766,Poor Lite 746,BioBeauty,Beauty,1146883670264,High,63.39
767,Natural Lite 151,FitGear,Toys,0660398034317,Medium,373.31
768,Between Pro 928,PureHome,Beauty,5496894157299,High,284.94
769,Win Lite 381,EcoBrand,Beauty,0394857583343,Medium,30.8
770,Agency Plus 180,SustainIt,Clothing,5531597799480,Medium,53.49
771,Poor Lite 668,NatureWear,Toys,3794792411614,Medium,493.16
772,Hear Max 720,FitGear,Toys,0713126215820,Low,344.8
773,Military Max 793,PureHome,Beauty,1782030803996,Low,204.22
774,Investment Eco 487,PureHome,Sports,4319539033745,High,246.03
775,Full Pro 506,FitGear,Books,5696538104256,Medium,183.15
776,Knowledge Max 943,PureHome,Home & Kitchen,4257152207320,Medium,151.63
777,Federal Plus 923,BioBeauty,Home & Kitchen,3731978815484,Medium,176.63
778,Instead Pro 664,SustainIt,Sports,0365439794853,Medium,165.37
779,Message Max 213,EcoBrand,Sports,5178405128331,High,100.52
780,Method Max 531,EcoBrand,Electronics,7846392401512,Medium,449.56
781,Decade Max 875,GreenLife,Electronics,5572701877830,High,229.27
782,Player Max 525,NatureWear,Books,0099495945323,Medium,182.53
783,Congress Lite 191,GreenLife,Clothing,6105537817238,High,235.8
784,Approach Max 747,SustainIt,Toys,4082279089944,Medium,383.67
785,Per Max 809,GreenLife,Books,7206851226825,Medium,205.45
786,Own Max 552,FitGear,Books,7793900952250,Medium,443.04
787,Administration Lite 862,BioBeauty,Toys,9063961904788,Low,144.63
788,Walk Lite 210,PureHome,Electronics,3815462804724,High,49.96
789,Quickly Eco 690,NatureWear,Sports,4150895223957,Medium,105.92
790,Director Pro 520,NatureWear,Beauty,9360106379211,Medium,323.51
791,Event Max 583,PureHome,Books,4004436767076,High,482.89
792,Economic Max 177,BioBeauty,Books,5939191634280,Medium,40.15
793,Watch Plus 221,BioBeauty,Beauty,3745509869549,Medium,451.51
794,Lay Lite 417,PureHome,Home & Kitchen,2089831177554,High,417.96
795,Still Eco 597,BioBeauty,Electronics,1093814893677,Medium,284.41
796,Relationship Lite 112,GreenLife,Toys,8554295641391,Medium,229.6
797,Common Lite 472,EcoBrand,Clothing,3341012861782,Medium,457.85
798,Yes Plus 424,SustainIt,Sports,6783678240339,Medium,401.33
799,Mrs Plus 521,BioBeauty,Beauty,4937904443045,Medium,452.83
800,Form Pro 978,FitGear,Beauty,5681735901043,Medium,117.0
801,Author Pro 163,GreenLife,Electronics,0890169403800,High,79.83
802,Certainly Lite 424,SustainIt,Toys,9240691182642,High,367.91
803,Church Eco 516,GreenLife,Sports,8488120210981,Medium,205.25
804,Various Pro 787,BioBeauty,Clothing,9698698083774,High,317.22
805,Glass Plus 804,SustainIt,Books,2254092185956,Low,445.11
806,Table Eco 107,NatureWear,Sports,2206250689196,High,72.01
807,Right Lite 98,EcoBrand,Books,9588149260253,Medium,214.87
808,Each Max 463,EcoBrand,Clothing,0128019527971,High,64.92
809,Available Eco 436,SustainIt,Sports,6067749508499,Medium,131.08
810,Economic Plus 270,EcoBrand,Toys,8148609592600,Medium,80.45
811,Management Eco 405,SustainIt,Clothing,5859458780102,High,389.6
812,Mind Eco 686,EcoBrand,Sports,6204687506495,Medium,124.64
813,Behavior Pro 987,EcoBrand,Electronics,1249338059567,Low,17.68
814,Need Plus 584,PureHome,Beauty,1845222403739,Medium,201.64
815,Throw Eco 29,EcoBrand,Books,4650527236510,Medium,325.76
816,Senior Pro 508,PureHome,Toys,2083258998051,High,109.16
817,Agency Pro 434,FitGear,Toys,2595833723465,Medium,318.56
818,Perhaps Eco 124,BioBeauty,Home & Kitchen,4628251105990,High,177.86
819,East Lite 17,BioBeauty,Sports,1710809107198,Low,290.94
820,Left Lite 197,FitGear,Toys,4767658075502,High,424.77
821,Far Max 195,NatureWear,Sports,3870627975879,Medium,433.92
822,Show Max 803,GreenLife,Beauty,5813133851297,Medium,233.54
823,Training Pro 282,PureHome,Toys,3892786891975,High,295.22
824,Section Lite 723,NatureWear,Electronics,1949391325288,Low,236.25
825,Since Max 68,BioBeauty,Books,3036930276489,High,471.4
826,Day Eco 119,FitGear,Electronics,6822443270857,Low,448.41
827,Us Max 570,SustainIt,Electronics,3226506380263,Medium,282.96
828,Board Eco 28,PureHome,Toys,5286609920825,Medium,104.41
829,Foreign Pro 525,PureHome,Books,2895869296460,Medium,293.76
830,Answer Pro 779,SustainIt,Sports,1337612299522,High,15.11
831,Alone Lite 761,GreenLife,Beauty,2024521220295,Medium,430.41
832,Building Eco 793,GreenLife,Clothing,6374145431260,Medium,111.66
833,Impact Pro 242,EcoBrand,Beauty,8978969149295,Medium,186.46
834,Sure Plus 488,EcoBrand,Books,1709264425602,Low,471.85
835,Adult Plus 798,PureHome,Beauty,3522505900939,Medium,176.65
836,School Lite 701,EcoBrand,Sports,7801519885583,Medium,305.71
837,Trade Plus 359,SustainIt,Toys,1580571084764,High,153.0
838,Idea Max 16,PureHome,Books,3812092544426,Low,345.22
839,Once Eco 685,NatureWear,Sports,7545443453158,Low,344.3
840,Wait Pro 339,SustainIt,Sports,4092706892788,Medium,279.73
841,They Pro 646,SustainIt,Electronics,7081856974519,Medium,56.69
842,Concern Max 415,FitGear,Toys,6679594981008,Medium,479.6
843,Practice Max 463,EcoBrand,Sports,2113850909084,Low,277.6
844,Use Pro 609,NatureWear,Beauty,5689609864289,High,400.48
845,Game Max 584,NatureWear,Sports,2634629412944,High,410.61
846,Part Plus 856,GreenLife,Books,4026372775748,High,79.76
847,Goal Lite 512,PureHome,Toys,6867383731303,Medium,96.45
848,Impact Eco 405,PureHome,Books,0108912566024,High,479.4
849,Partner Max 752,NatureWear,Clothing,7780273391519,Low,239.52
850,Both Pro 353,PureHome,Books,1024855022894,High,55.84
851,Miss Eco 49,SustainIt,Home & Kitchen,8493943322261,Medium,381.58
852,Clearly Plus 3,EcoBrand,Home & Kitchen,1950083677653,Medium,172.59
853,Southern Max 438,SustainIt,Home & Kitchen,3740620675864,Low,386.42
854,Wonder Plus 670,FitGear,Sports,8315158391415,High,61.94
855,Significant Eco 742,SustainIt,Toys,7746837378396,Medium,103.89
856,Either Plus 861,FitGear,Books,2220879895561,Medium,442.6
857,Trial Eco 637,BioBeauty,Toys,2627318280771,High,118.83
858,Win Max 17,FitGear,Toys,3914678070852,Medium,167.19
859,Various Eco 181,FitGear,Clothing,3464898544980,Low,357.68
860,Heart Max 118,EcoBrand,Home & Kitchen,0133934594755,High,468.61
861,Site Max 497,EcoBrand,Electronics,4473981494773,Low,177.45
862,Tonight Max 891,FitGear,Clothing,4386473499708,Medium,218.77
863,Day Pro 236,NatureWear,Toys,5482590034163,High,90.87
864,Door Plus 737,BioBeauty,Sports,3637278353483,Low,388.03
865,Everyone Eco 857,EcoBrand,Books,3800049167316,Medium,474.73
866,Else Pro 867,PureHome,Books,9039630030980,Medium,238.21
867,Listen Plus 546,FitGear,Electronics,9457423748094,Medium,19.94
868,Better Pro 382,NatureWear,Clothing,7646517246611,High,11.04
869,Half Plus 241,BioBeauty,Clothing,4352837989659,Medium,389.03
870,Whatever Pro 988,EcoBrand,Electronics,4427719462657,Medium,65.31
871,Statement Lite 97,FitGear,Electronics,6468545680677,Medium,409.5
872,Vote Max 676,NatureWear,Home & Kitchen,3407172318433,Medium,214.49
873,Back Max 565,BioBeauty,Beauty,7026779199069,Medium,127.93
874,Professor Max 180,EcoBrand,Beauty,6299126008142,Low,263.72
875,Join Max 818,PureHome,Books,7476944096585,High,486.72
876,Off Eco 487,SustainIt,Electronics,2398501380553,Low,41.95
877,Happen Max 733,BioBeauty,Clothing,6092630135539,Low,402.38
878,One Plus 483,PureHome,Clothing,3219352548284,Medium,364.95
879,Decade Plus 626,EcoBrand,Clothing,5160875412898,Medium,307.78
880,Away Max 588,EcoBrand,Books,8178336928557,Medium,137.61
881,Open Plus 158,BioBeauty,Sports,9875301906570,High,419.92
882,Smile Eco 872,FitGear,Clothing,5581617469060,Medium,43.88
883,Remain Pro 75,BioBeauty,Books,7278510658278,Medium,163.4
884,Low Lite 372,EcoBrand,Sports,6941784142644,High,381.14
885,Adult Plus 135,GreenLife,Books,1070705880084,Medium,193.81
886,Service Pro 243,EcoBrand,Beauty,7231120515621,High,175.34
887,Arrive Lite 501,EcoBrand,Beauty,1267033164287,Medium,424.75
888,Environment Plus 697,FitGear,Clothing,9249227364842,Low,138.49
889,Half Plus 18,BioBeauty,Clothing,6355337279075,Medium,333.5
890,Southern Lite 583,PureHome,Electronics,2264537940958,Medium,274.92
891,Particular Lite 669,BioBeauty,Electronics,5105756761917,Medium,369.46
892,Military Lite 193,EcoBrand,Toys,4485851995563,Low,497.62
893,Mr Max 178,FitGear,Sports,0496418911999,High,461.78
894,Human Pro 621,SustainIt,Electronics,9233473797509,Medium,242.3
895,A Pro 864,GreenLife,Books,1203810554988,Low,193.46
896,Provide Pro 637,SustainIt,Books,6919503805491,Medium,306.88
897,Hospital Max 559,FitGear,Beauty,7309694530903,Low,102.39
898,Notice Plus 845,EcoBrand,Toys,3135874532320,Medium,107.99
899,Get Pro 261,BioBeauty,Beauty,6844939812624,Low,456.66
900,There Max 191,NatureWear,Books,3934135903288,Low,33.17
901,And Pro 625,EcoBrand,Home & Kitchen,8276544686976,High,266.35
902,Easy Plus 584,GreenLife,Toys,0744976948187,Medium,238.21
903,Fall Pro 607,BioBeauty,Home & Kitchen,5951274147227,High,251.0
904,Dream Plus 979,FitGear,Clothing,4584756127526,High,15.45
905,Magazine Plus 924,GreenLife,Beauty,7245992391245,Medium,334.52
906,Add Lite 653,FitGear,Sports,4726032558185,High,121.16
907,Though Pro 851,EcoBrand,Electronics,0505153640542,Low,356.05
908,Wall Pro 549,SustainIt,Beauty,6546877152656,Medium,188.52
909,Myself Plus 641,EcoBrand,Books,8880591257456,Medium,188.91
910,Interesting Eco 205,EcoBrand,Clothing,1579993352742,Medium,31.87
911,Put Pro 46,FitGear,Clothing,7551266548025,High,43.54
912,Man Lite 365,EcoBrand,Beauty,8941327704917,Medium,415.4
913,Exactly Max 275,FitGear,Clothing,4975104371195,Low,443.55
914,A Eco 750,GreenLife,Books,3855968474571,Low,113.47
915,Might Eco 941,EcoBrand,Beauty,4776471557096,High,19.64
916,Check Pro 897,PureHome,Beauty,6628154617246,Medium,393.33
917,Station Max 561,SustainIt,Home & Kitchen,8160525508381,Low,40.46
918,Action Pro 357,SustainIt,Electronics,5543801062143,High,344.02
919,Investment Max 710,EcoBrand,Beauty,1282088589359,Low,283.32
920,Sort Pro 560,EcoBrand,Sports,4098114227808,Medium,115.33
921,Reach Lite 60,EcoBrand,Electronics,0716184504325,Medium,305.07
922,Field Plus 106,GreenLife,Beauty,3436361296917,Low,362.9
923,Now Eco 536,SustainIt,Home & Kitchen,1833319881416,High,425.42
924,Employee Max 977,PureHome,Home & Kitchen,7492642956983,Medium,324.61
925,Tree Plus 301,FitGear,Beauty,8056702375085,High,154.46
926,Somebody Eco 344,NatureWear,Books,9264300747718,Low,267.83
927,Far Plus 119,EcoBrand,Home & Kitchen,6936992198460,Medium,73.55
928,Point Eco 392,FitGear,Clothing,4027072776462,Medium,50.41
929,Meet Eco 529,GreenLife,Beauty,9841755996382,Medium,381.5
930,Quality Eco 966,NatureWear,Books,0788471578005,Medium,307.44
931,Less Plus 403,BioBeauty,Sports,5609276058118,Medium,467.3
932,Wait Pro 530,NatureWear,Beauty,2342961350700,Medium,400.2
933,She Pro 27,EcoBrand,Electronics,0844373246463,High,216.82
934,Environmental Pro 899,NatureWear,Beauty,1760113875467,Medium,181.7
935,Culture Max 336,EcoBrand,Electronics,1344064282347,High,140.33
936,Benefit Pro 402,EcoBrand,Clothing,8434599247645,Medium,284.24
937,Dinner Pro 570,FitGear,Electronics,8256988927446,Medium,39.26
938,Politics Plus 722,FitGear,Home & Kitchen,3512932915361,Low,159.16
939,Fear Max 338,GreenLife,Books,0631559952214,Medium,206.17
940,Choice Plus 340,EcoBrand,Sports,4300624152151,Medium,128.26
941,Show Eco 833,BioBeauty,Books,0784136024689,Low,323.19
942,Professional Lite 440,FitGear,Home & Kitchen,0879255338080,Medium,282.42
943,Figure Lite 984,BioBeauty,Books,6216704455433,Medium,261.76
944,Rest Pro 804,EcoBrand,Clothing,7299854976026,Medium,319.0
945,Answer Lite 22,PureHome,Books,0964700046747,Medium,445.5
946,Most Eco 625,EcoBrand,Clothing,4863763596861,Medium,203.59
947,Degree Lite 597,PureHome,Clothing,7047759280133,Medium,248.81
948,Case Plus 518,EcoBrand,Books,3543914435386,High,351.59
949,Understand Plus 715,FitGear,Beauty,1835530275456,High,435.26
950,Involve Plus 431,GreenLife,Toys,9283258649929,Medium,73.0
951,Throughout Max 890,FitGear,Sports,4744035865512,Medium,285.73
952,Check Lite 771,GreenLife,Books,1522641912072,Low,463.29
953,Be Eco 443,GreenLife,Clothing,5636285080496,Medium,114.15
954,You Plus 220,GreenLife,Toys,4384790144554,Medium,155.8
955,Paper Plus 343,BioBeauty,Books,4731220961104,Medium,62.94
956,Usually Plus 504,NatureWear,Clothing,7539380856561,High,330.41
957,View Plus 809,GreenLife,Toys,2415030455320,Medium,11.42
958,Wall Lite 907,GreenLife,Home & Kitchen,4898389271854,Medium,173.05
959,Operation Max 651,PureHome,Toys,2964092492502,Low,53.02
960,Late Pro 286,PureHome,Electronics,2948372771471,Low,35.78
961,Large Pro 654,PureHome,Home & Kitchen,3033480824993,High,353.06
962,Next Plus 690,BioBeauty,Beauty,3988137564886,Medium,212.47
963,Movie Pro 344,PureHome,Electronics,1373591910881,High,397.43
964,Realize Pro 687,GreenLife,Home & Kitchen,9453879928752,High,438.74
965,Form Max 192,PureHome,Home & Kitchen,0924454051527,Medium,248.96
966,Argue Pro 811,SustainIt,Beauty,1920532517441,Low,332.99
967,Talk Lite 684,BioBeauty,Beauty,5589290069973,High,234.29
968,Clear Max 154,BioBeauty,Sports,5865890704040,Low,404.57
969,Attorney Pro 385,EcoBrand,Beauty,8152907210067,Medium,121.23
970,Worry Max 413,SustainIt,Beauty,2458132423910,Medium,495.7
971,Sure Lite 401,SustainIt,Clothing,5986450779879,High,141.15
972,Standard Max 374,PureHome,Clothing,7024464422126,High,107.61
973,Score Pro 987,BioBeauty,Sports,3884368610425,Medium,16.07
974,How Plus 6,GreenLife,Books,1011225136022,Medium,339.33
975,Officer Max 862,NatureWear,Sports,7465150638429,Low,143.5
976,Attention Lite 708,GreenLife,Clothing,7972834240637,Medium,358.28
977,Party Max 133,BioBeauty,Clothing,6160800933725,High,219.41
978,Attention Pro 821,PureHome,Home & Kitchen,2327244664576,Medium,88.68
979,Rather Pro 752,NatureWear,Clothing,0415164626216,Medium,275.99
980,In Lite 641,FitGear,Sports,3633509294914,Medium,350.25
981,Rock Max 425,BioBeauty,Home & Kitchen,5540318574299,High,40.14
982,Likely Eco 488,PureHome,Beauty,9163003061049,High,101.77
983,During Max 14,BioBeauty,Sports,5178449373674,Medium,288.49
984,Operation Lite 660,NatureWear,Sports,8918570789015,Medium,144.38
985,Compare Eco 110,NatureWear,Sports,1175807772760,Medium,246.6
986,Consumer Eco 509,BioBeauty,Home & Kitchen,6007513986665,High,132.49
987,Standard Eco 770,FitGear,Clothing,9282490163408,Low,253.52
988,First Lite 299,PureHome,Electronics,5628816505431,Medium,188.91
989,Probably Plus 683,NatureWear,Clothing,9589978352973,Low,209.29
990,Learn Eco 459,PureHome,Clothing,5247980268845,Medium,160.55
991,Though Plus 863,FitGear,Toys,2995626670479,Medium,188.67
992,Discuss Eco 632,BioBeauty,Electronics,1787738660308,Medium,92.28
993,Fill Plus 190,PureHome,Toys,1116986670942,High,235.49
994,Reach Lite 220,EcoBrand,Electronics,0805086551404,High,481.87
995,Affect Pro 531,GreenLife,Sports,2058410371348,Medium,209.51
996,News Lite 777,SustainIt,Sports,1192913756842,High,22.41
997,Movie Plus 980,BioBeauty,Toys,1909955458586,Medium,230.07
998,Specific Plus 921,PureHome,Home & Kitchen,5591460949381,Low,409.4
999,Rule Pro 572,FitGear,Electronics,2579226557639,Medium,239.21
1000,Laugh Lite 865,EcoBrand,Beauty,1328438002915,Medium,115.54
